skill_id,precondition_1,precondition_2,condition_1,condition_2,skill_name,condition_desc_1_1,condition_desc_1_2,condition_desc_2_1,condition_desc_2_2,precondition_desc_1,precondition_desc_2
10071,,,distance_rate>=50&distance_rate<=60&order_rate>50,,파란주의포!,챔피언스 미팅 (9인) : 5위 / 팀 경기장 (12인) : 5~7위 / 풀 게이트 (18인) : 5~11위,,,,,
10081,,,order>=3&order_rate<=50&remain_distance<=200&bashin_diff_infront<=1@order>=3&order_rate<=50&remain_distance<=200&bashin_diff_behind<=1,,액셀X,챔피언스 미팅 (9인) : 3~5위 / 팀 경기장 (12인) : 3~6위 / 풀 게이트 (18인) : 3~9위,챔피언스 미팅 (9인) : 3~5위 / 팀 경기장 (12인) : 3~6위 / 풀 게이트 (18인) : 3~9위,,,,
10111,,,is_finalcorner==1&corner==0&change_order_onetime<0&order>=3,,정신일도,3위~최하위,,,,,
10141,,,is_finalcorner==1&corner==0&hp_per>=30&order<=2,,열혈☆아미고,1~2위,,,,,
10181,,,is_finalcorner==1&corner!=0&order>=3&change_order_onetime<0,,엠프리스 프라이드,3위~최하위,,,,,
10241,,,is_finalcorner==1&blocked_side_continuetime>=2&order<=3,,승리의 키스☆,3위~최하위,,,,,
10271,,,phase>=2&corner!=0&order_rate>=65&order_rate<=70,,불타라 근육!,챔피언스 미팅 (9인) : 6위 / 팀 경기장 (12인) : 8위 / 풀 게이트 (18인) : 12~13위,,,,,
10321,,,distance_rate>=50&corner!=0&order>=3&order_rate<=40,,introduction: My body,챔피언스 미팅 (9인) : 3~4위 / 팀 경기장 (12인) : 3~5위 / 풀 게이트 (18인) : 3~7위,,,,,
10351,is_finalcorner==1&blocked_side_continuetime>=2,,is_finalcorner==1&corner==0&order<=5,,전력 V 사인!,1~5위,,,,,
10411,,,distance_rate>=50&order<=3&blocked_side_continuetime>=2,,반장+스피드=돌진,3위~최하위,,,,,
10451,,,phase_random==1&order>=2&order_rate<=40,,클리어 하트,챔피언스 미팅 (9인) : 2~4위 / 팀 경기장 (12인) : 2~5위 / 풀 게이트 (18인) : 2~7위,,,,,
10521,,,is_finalcorner==1&corner!=0&order_rate>50&near_count>=1,,두근두근 준비 땅!,챔피언스 미팅 (9인) : 5위 / 팀 경기장 (12인) : 5~7위 / 풀 게이트 (18인) : 5~11위,,,,,
10561,,,phase>=2&order>=3&blocked_front==1,,와주세요 와주세요!,3위~최하위,,,,,
10611,,,temptation_count==0&remain_distance<=201&remain_distance>=199&order>=4&order_rate<=70,,Call me KING,챔피언스 미팅 (9인) : 4~6위 / 팀 경기장 (12인) : 4~8위 / 풀 게이트 (18인) : 4~13위,,,,,
10621,,,distance_rate>=50&phase==1&order>=3&order_rate<=70,,"레디, 땅!",챔피언스 미팅 (9인) : 3~6위 / 팀 경기장 (12인) : 3~8위 / 풀 게이트 (18인) : 3~13위,,,,,
100011,,,phase>=2&order>=1&order_rate<=50&change_order_onetime<0,,슈팅 스타,챔피언스 미팅 (9인) : 1~5위 / 팀 경기장 (12인) : 1~6위 / 풀 게이트 (18인) : 1~9위,,,,,
100031,,,is_finalcorner==1&corner==0&order<=3&bashin_diff_infront<=1&is_overtake==1,,궁극 테이오 스텝,3위~최하위,,,,,
100041,,,is_finalcorner==1&order<=5&order_rate<=50,,홍염 기어/LP1211-M,1~5위,,,,,
100051,,,is_finalcorner==1&corner==0&order_rate<=30&behind_near_lane_time_set1>=1,,반짝이는 별의 보드빌,챔피언스 미팅 (9인) : 1~4위 / 팀 경기장 (12인) : 1~5위 / 풀 게이트 (18인) : 1~7위,,,,,
100061,,,order>=2&order<=5&order_rate<=50&remain_distance<=201&remain_distance>=199,,승리의 고동,2~5위,,,,,
100071,,,distance_rate>=50&distance_rate<=60&order_rate>50,,"불침함, 출항!",챔피언스 미팅 (9인) : 5위 / 팀 경기장 (12인) : 5~7위 / 풀 게이트 (18인) : 5~11위,,,,,
100081,,,order>=3&order_rate<=50&remain_distance<=200&bashin_diff_infront<=1@order>=3&order_rate<=50&remain_distance<=200&bashin_diff_behind<=1,,커팅×DRIVE!,챔피언스 미팅 (9인) : 3~5위 / 팀 경기장 (12인) : 3~6위 / 풀 게이트 (18인) : 3~9위,챔피언스 미팅 (9인) : 3~5위 / 팀 경기장 (12인) : 3~6위 / 풀 게이트 (18인) : 3~9위,,,,
100101,,,is_finalcorner_laterhalf==1&corner!=0&order>=3&order_rate<=40,,빅토리 샷!,챔피언스 미팅 (9인) : 3~4위 / 팀 경기장 (12인) : 3~5위 / 풀 게이트 (18인) : 3~7위,,,,,
100111,,,is_finalcorner==1&corner==0&change_order_onetime<0&order>=3,,정신일도 하사불성,3위~최하위,,,,,
100121,is_finalcorner==1&is_behind_in==1&change_order_onetime<0&order_rate>=40,,is_finalcorner==1&corner==0,,맞짱! 데드히트!,,,,,챔피언스 미팅 (9인) : 4~8위 / 팀 경기장 (12인) : 5~11위 / 풀 게이트 (18인) : 7~17위,
100141,,,is_finalcorner==1&corner==0&hp_per>=30&order<=2,,플란차☆가나도르,1~2위,,,,,
100151,,,is_finalcorner==1&bashin_diff_behind<=1&order<=4@is_finalcorner==1&bashin_diff_infront<=1&order<=4,,빅토리아에게 바치는 무도,1~4위,1~4위,,,,
100161,phase==1&blocked_side_continuetime>=2,,is_finalcorner==1&order>=2&order_rate<=75&is_behind_in==1&change_order_onetime<0,is_finalcorner==1&order>=2&order_rate<=75&is_behind_in==1&change_order_onetime<0,Shadow Break,챔피언스 미팅 (9인) : 2~7위 / 팀 경기장 (12인) : 2~9위 / 풀 게이트 (18인) : 2~14위,,챔피언스 미팅 (9인) : 2~7위 / 팀 경기장 (12인) : 2~9위 / 풀 게이트 (18인) : 2~14위,,,
100181,,,is_finalcorner==1&corner!=0&order>=3&change_order_onetime<0,,블레이즈 오브 프라이드,3위~최하위,,,,,
100211,,,distance_rate>=50&corner==0&order_rate>=70&order_rate<=75&is_overtake==1@distance_rate>=50&corner==0&order_rate<=30&order_rate>=20,,"하얀 번개, 보여 주꾸마!",챔피언스 미팅 (9인) : 6~7위 / 팀 경기장 (12인) : 8~9위 / 풀 게이트 (18인) : 13~14위,챔피언스 미팅 (9인) : 2~3위 / 팀 경기장 (12인) : 2~4위 / 풀 게이트 (18인) : 4~5위,,,,
100221,,,distance_rate>=50&order>=2&order_rate<=40&blocked_side_continuetime>=2,,Fairy tale,챔피언스 미팅 (9인) : 2~4위 / 팀 경기장 (12인) : 2~5위 / 풀 게이트 (18인) : 2~7위,,,,,
100231,,,is_finalcorner==1&change_order_onetime<0&order<=4,,∴win Q.E.D.,1~4위,,,,,
100241,,,is_finalcorner==1&blocked_side_continuetime>=2&order<=3,,번뜩임☆랜딩,1~3위,,,,,
100251,,,distance_rate>=50&order_rate>=40&order_rate<=70,,당신을・뒤쫓아서,챔피언스 미팅 (9인) : 4~6위 / 팀 경기장 (12인) : 5~8위 / 풀 게이트 (18인) : 7~13위,,,,,
100261,,,is_badstart==0&temptation_count==0&order<=3&is_finalcorner==1&corner==0,,G00 1st.F∞;,1~3위,,,,,
100271,,,phase>=2&corner!=0&order_rate>=65&order_rate<=70,,레츠 아나볼릭!,챔피언스 미팅 (9인) : 6위 / 팀 경기장 (12인) : 8위 / 풀 게이트 (18인) : 12~13위,,,,,
100281,,,distance_rate>=45&distance_rate<=60&order>=3&order_rate<=50&hp_per<=70,,I'M☆FULL☆SPEED!!,챔피언스 미팅 (9인) : 3~5위 / 팀 경기장 (12인) : 3~6위 / 풀 게이트 (18인) : 3~9위,,,,,
100291,,,distance_diff_top<=5&remain_distance<=300&order_rate<=40,,눈에 반사되는 빛을 쫓아서,챔피언스 미팅 (9인) : 1~4위 / 팀 경기장 (12인) : 1~5위 / 풀 게이트 (18인) : 1~7위,,,,,
100301,is_finalcorner==1&order<=4&change_order_onetime<0,,is_finalcorner==1&corner==0,,블루 로즈 체이서,,,,,1~4위,
100311,remain_distance<=305&remain_distance>=300&slope==1,,remain_distance<=299&remain_distance>=295&order<=2&slope==0@remain_distance<=299&remain_distance>=295&order<=2&slope==2,remain_distance<=299&remain_distance>=295&order<=2,충전 완료! 전속 전진!,1~2위,1~2위,1~2위,,,
100321,,,distance_rate>=50&corner!=0&order>=3&order_rate<=40,,U=ma2,챔피언스 미팅 (9인) : 3~4위 / 팀 경기장 (12인) : 3~5위 / 풀 게이트 (18인) : 3~7위,,,,,
100331,,,is_finalcorner==1&corner==0&distance_diff_top>=5&order_rate<80,is_finalcorner==1&corner==0&distance_diff_top>=5&order_rate>=80,디오스쿠로이의 유성,챔피언스 미팅 (9인) : 2~6위 / 팀 경기장 (12인) : 2~9위 / 풀 게이트 (18인) : 2~13위,,챔피언스 미팅 (9인) : 7~9위 / 팀 경기장 (12인) : 10~12위 / 풀 게이트 (18인) : 14~18위,,,
100351,is_finalcorner==1&blocked_side_continuetime>=2,,is_finalcorner==1&corner==0&order<=5,,승리의 티켓을 너에게!,1~5위,,,,,
100361,is_finalcorner==1&order_rate>=40&order_rate<=75&lane_type==0,,is_finalcorner==1&corner==0,,trigger:BEAT,,,,,챔피언스 미팅 (9인) : 4~7위 / 팀 경기장 (12인) : 5~9위 / 풀 게이트 (18인) : 7~14위,
100371,,,is_badstart==0&temptation_count==0&order>=3&is_finalcorner==1&corner==0,,Schwarzes Schwert,3위~최하위,,,,,
100381,,,distance_rate>=50&distance_rate<=65&order>=2&order_rate<=40&change_order_onetime<0,,#LookatCurren,챔피언스 미팅 (9인) : 2~4위 / 팀 경기장 (12인) : 2~5위 / 풀 게이트 (18인) : 2~7위,,,,,
100401,,,distance_rate>=50&order_rate>=40&order_rate<=70&is_overtake==1,,KEEP IT REAL.,챔피언스 미팅 (9인) : 4~6위 / 팀 경기장 (12인) : 5~8위 / 풀 게이트 (18인) : 7~13위,,,,,
100411,,,distance_rate>=50&order<=3&blocked_side_continuetime>=2,,우등생×돌진=대승리!,1~3위,,,,,
100421,,,remain_distance<=201&remain_distance>=199&distance_diff_top<=5&order>=2,remain_distance<=201&remain_distance>=199&distance_diff_top<=10&order>=2,『I'm possible』,2위~최하위,,2위~최하위,,,
100451,,,phase_random==1&order>=2&order_rate<=40,,퓨리티 오브 하트,챔피언스 미팅 (9인) : 2~4위 / 팀 경기장 (12인) : 2~5위 / 풀 게이트 (18인) : 2~7위,,,,,
100461,,,phase==1&corner==0&order<=2&bashin_diff_behind<=1,,반짝반짝☆STARDOM,1~2위,,,,,
100471,,,phase>=2&remain_distance<=401&remain_distance>=399&order_rate<=40&grade==100&popularity<=3,phase>=2&remain_distance<=401&remain_distance>=399&order_rate<=40,"치켜들어라, 내 영혼의 검을!",챔피언스 미팅 (9인) : 1~4위 / 팀 경기장 (12인) : 1~5위 / 풀 게이트 (18인) : 1~7위,,챔피언스 미팅 (9인) : 1~4위 / 팀 경기장 (12인) : 1~5위 / 풀 게이트 (18인) : 1~7위,,,
100481,,,is_finalcorner==1&corner==0&order>=2&order_rate<=30&overtake_target_time>=2@is_finalcorner==1&corner==0&order_rate<=20&change_order_onetime<0,,YEAH☆VIVID TIME!,챔피언스 미팅 (9인) : 2~3위 / 팀 경기장 (12인) : 2~4위 / 풀 게이트 (18인) : 2~5위,챔피언스 미팅 (9인) : 1~2위 / 팀 경기장 (12인) : 1~2위 / 풀 게이트 (18인) : 1~4위,,,,
100491,is_finalcorner==1&is_overtake==1,is_finalcorner==1&is_overtake==1,remain_distance<=400&order_rate>=30&order_rate<=50&popularity>=4,remain_distance<=400&order_rate>=30&order_rate<=50&popularity<4,벼랑 끝에서 광기를 비웃어라,챔피언스 미팅 (9인) : 3~5위 / 팀 경기장 (12인) : 4~6위 / 풀 게이트 (18인) : 5~9위,,챔피언스 미팅 (9인) : 3~5위 / 팀 경기장 (12인) : 4~6위 / 풀 게이트 (18인) : 5~9위,,,
100501,,,is_finalcorner==1&order_rate>=40&order_rate<=75&is_overtake==1,,Nemesis,챔피언스 미팅 (9인) : 4~7위 / 팀 경기장 (12인) : 5~9위 / 풀 게이트 (18인) : 7~14위,,,,,
100511,phase==1&blocked_side_continuetime>=2&corner!=0,,phase>=2&is_finalcorner_laterhalf==1&order>=3&order_rate<=40@phase>=2&is_finalcorner==1&corner==0&order>=3&order_rate<=40,,"꽃봉오리, 피어날 때",챔피언스 미팅 (9인) : 3~4위 / 팀 경기장 (12인) : 3~5위 / 풀 게이트 (18인) : 3~7위,챔피언스 미팅 (9인) : 3~4위 / 팀 경기장 (12인) : 3~5위 / 풀 게이트 (18인) : 3~7위,,,,
100521,,,is_finalcorner==1&corner!=0&order_rate>50&near_count>=1,,두근두근 클라이맥스,챔피언스 미팅 (9인) : 5위 / 팀 경기장 (12인) : 5~7위 / 풀 게이트 (18인) : 5~11위,,,,,
100531,,,phase>=2&order_rate>=50&is_finalcorner==1&bashin_diff_infront<=1,,열혈!! 선도 어택,챔피언스 미팅 (9인) : 5~9위 / 팀 경기장 (12인) : 6~12위 / 풀 게이트 (18인) : 9~18위,,,,,
100561,,,phase>=2&order>=3&blocked_front==1,,옵니다 오고 있습니다 오게 할 겁니다!,3위~최하위,,,,,
100581,,,phase>=2&corner!=0&order>=3&change_order_onetime<0,,I Never Goof Up!,3위~최하위,,,,,
100591,,,phase>=2&corner!=0&is_finalcorner==0&temptation_count==0&order_rate>=50&order_rate<=70@phase==1&corner!=0&is_finalcorner==1&temptation_count==0&order_rate>=50&order_rate<=70,,"저편, 그 너머로…",챔피언스 미팅 (9인) : 5~6위 / 팀 경기장 (12인) : 6~8위 / 풀 게이트 (18인) : 9~13위,챔피언스 미팅 (9인) : 5~6위 / 팀 경기장 (12인) : 6~8위 / 풀 게이트 (18인) : 9~13위,,,,
100611,,,temptation_count==0&remain_distance<=201&remain_distance>=199&order>=4&order_rate<=70,,Pride of KING,챔피언스 미팅 (9인) : 4~6위 / 팀 경기장 (12인) : 4~8위 / 풀 게이트 (18인) : 4~13위,,,,,
100621,,,distance_rate>=50&phase==1&order>=3&order_rate<=70,,"땅, 팟, 뭉",챔피언스 미팅 (9인) : 3~6위 / 팀 경기장 (12인) : 3~8위 / 풀 게이트 (18인) : 3~13위,,,,,
100651,,,distance_type==1&phase_laterhalf_random==1&order_rate<=50@distance_type==2&phase_laterhalf_random==1&order_rate<=50,distance_type==3&phase_laterhalf_random==1&order_rate<=50@distance_type==4&phase_laterhalf_random==1&order_rate<=50,텐션 올려 푸쳐핸썹!,챔피언스 미팅 (9인) : 1~5위 / 팀 경기장 (12인) : 1~6위 / 풀 게이트 (18인) : 1~9위,챔피언스 미팅 (9인) : 1~5위 / 팀 경기장 (12인) : 1~6위 / 풀 게이트 (18인) : 1~9위,챔피언스 미팅 (9인) : 1~5위 / 팀 경기장 (12인) : 1~6위 / 풀 게이트 (18인) : 1~9위,챔피언스 미팅 (9인) : 1~5위 / 팀 경기장 (12인) : 1~6위 / 풀 게이트 (18인) : 1~9위,,
100671,,,is_last_straight_onetime==1&order>=2&order<=5&distance_diff_top<=5,is_last_straight_onetime==1&order>=2&order<=5&distance_diff_top>5,어둠을 비추어라 영원한 빛,2~5위,,2~5위,,,
100681,,,phase==2&straight_front_type==2&order<=2,distance_rate>=50&corner==3&order<=2,승리의 함성 어기여차!,1~2위,,1~2위,,,
100691,,,remain_distance<=300&order_rate<=40&bashin_diff_infront<=1,,동경은 벚꽃을 넘는다!,챔피언스 미팅 (9인) : 1~4위 / 팀 경기장 (12인) : 1~5위 / 풀 게이트 (18인) : 1~7위,,,,,
100721,is_finalcorner==1&change_order_onetime<0,,remain_distance<=300&order_rate<=40,,"열화요란, 무적의 춤",챔피언스 미팅 (9인) : 1~4위 / 팀 경기장 (12인) : 1~5위 / 풀 게이트 (18인) : 1~7위,,,,,
100741,,,distance_rate>=50&order_rate>=40&order_rate<=80,,아름다운 꽃소식을 알리는 바람,챔피언스 미팅 (9인) : 4~7위 / 팀 경기장 (12인) : 5~10위 / 풀 게이트 (18인) : 7~14위,,,,,
100871,,,remain_distance<=400&order<=2&overtake_target_time>=1,,Silent letter,1~2위,,,,,
100991,phase==1&blocked_side_continuetime>=2&corner!=0,phase==1&blocked_side_continuetime>=2&corner!=0,is_lastspurt==1&order_rate<=40&order_rate>=30&ground_type==2&lastspurt==2,is_lastspurt==1&order_rate<=40&order_rate>=30&ground_type==2,빛나라☆토마코마이,챔피언스 미팅 (9인) : 3~4위 / 팀 경기장 (12인) : 4~5위 / 풀 게이트 (18인) : 5~7위,,챔피언스 미팅 (9인) : 3~4위 / 팀 경기장 (12인) : 4~5위 / 풀 게이트 (18인) : 5~7위,,,
101001,,,remain_distance>=299&remain_distance<=301&order_rate>=20&order_rate<=40&distance_diff_top<=5&ground_type==2,remain_distance>=299&remain_distance<=301&order_rate>=20&order_rate<=40,Never Say Never,챔피언스 미팅 (9인) : 1~4위 / 팀 경기장 (12인) : 1~5위 / 풀 게이트 (18인) : 1~7위,,챔피언스 미팅 (9인) : 1~4위 / 팀 경기장 (12인) : 1~5위 / 풀 게이트 (18인) : 1~7위,,,
110011,,,phase==1&order>=2&order_rate<=70&activate_count_middle>=2,,겁나게 귀엽네♪머린 다이브,챔피언스 미팅 (9인) : 2~6위 / 팀 경기장 (12인) : 2~8위 / 풀 게이트 (18인) : 2~13위,,,,,
110031,is_finalcorner==1&is_overtake==1&order<=5&order_rate<=50&overtake_target_no_order_up_time>=2,,is_finalcorner==1&corner==0,,"절대는, 나야",,,,,2~5위,
110041,,,distance_rate>=50&activate_count_heal>=1&order<=3,,뭉클하게♪Chu,1~3위,,,,,
110051,,,is_finalcorner==1&change_order_onetime<0&order_rate<=40,,Ravissant,챔피언스 미팅 (9인) : 1~4위 / 팀 경기장 (12인) : 1~5위 / 풀 게이트 (18인) : 1~7위,,,,,
110081,phase>=1&slope==2&order_rate>=50&order_rate<=80&track_id==10006,phase>=1&slope==2&order_rate>=50&order_rate<=80,slope==0@slope==1,slope==0@slope==1,Into High Gear!,,,,,챔피언스 미팅 (9인) : 5~7위 / 팀 경기장 (12인) : 6~10위 / 풀 게이트 (18인) : 9~14위,챔피언스 미팅 (9인) : 5~7위 / 팀 경기장 (12인) : 6~10위 / 풀 게이트 (18인) : 9~14위
110091,,,distance_rate>=50&corner==0&order==1&bashin_diff_behind<=1,distance_rate>=50&corner==0&order<=2,Queen's Lumination,선두,,1~2위,,,
110101,,,distance_diff_top<=5&order>=2&order_rate<=40&remain_distance<=201&remain_distance>=199,order>=2&order_rate<=40&remain_distance<=201&remain_distance>=199,Joyful Voyage!,챔피언스 미팅 (9인) : 2~4위 / 팀 경기장 (12인) : 2~5위 / 풀 게이트 (18인) : 2~7위,,챔피언스 미팅 (9인) : 2~4위 / 팀 경기장 (12인) : 2~5위 / 풀 게이트 (18인) : 2~7위,,,
110111,,,phase==1&change_order_onetime>0&order_rate>=40,,게인 힐・슈피리어,챔피언스 미팅 (9인) : 4~9위 / 팀 경기장 (12인) : 5~12위 / 풀 게이트 (18인) : 7~18위,,,,,
110131,,,is_finalcorner==1&hp_per<=45&order<=3&order_rate<=50&bashin_diff_behind<=1&overtake_target_time>=1,,최강의 이름을 걸고,1~3위,,,,,
110141,,,is_finalcorner==1&corner!=0&is_overtake==1&order>=4&order_rate<=75,,콘도르 맹격파,챔피언스 미팅 (9인) : 4~7위 / 팀 경기장 (12인) : 4~9위 / 풀 게이트 (18인) : 4~14위,,,,,
110151,,,remain_distance<=401&remain_distance>=399&order_rate<=40&activate_count_all>=7,remain_distance<=401&remain_distance>=399&order_rate<=40&activate_count_all<=6,복을 베푸는 바르카롤,챔피언스 미팅 (9인) : 1~4위 / 팀 경기장 (12인) : 1~5위 / 풀 게이트 (18인) : 1~7위,,챔피언스 미팅 (9인) : 1~4위 / 팀 경기장 (12인) : 1~5위 / 풀 게이트 (18인) : 1~7위,,,
110161,phase==1&blocked_side_continuetime>=2,,distance_type==4&phase>=2&is_finalcorner_laterhalf==1&order_rate<=40,phase>=2&is_finalcorner_laterhalf==1&order_rate<=40,회색 임계점,챔피언스 미팅 (9인) : 1~4위 / 팀 경기장 (12인) : 1~5위 / 풀 게이트 (18인) : 1~7위,,챔피언스 미팅 (9인) : 1~4위 / 팀 경기장 (12인) : 1~5위 / 풀 게이트 (18인) : 1~7위,,,
110171,,,is_finalcorner==1&order_rate<=40&overtake_target_time>=2,,어스름이 물러서는 떠들썩한 화살,챔피언스 미팅 (9인) : 1~4위 / 팀 경기장 (12인) : 1~5위 / 풀 게이트 (18인) : 1~7위,,,,,
110181,,,phase==1&order>=3&order_rate<=50&is_overtake==1,,"훈풍, 영원한 순간을",챔피언스 미팅 (9인) : 3~5위 / 팀 경기장 (12인) : 3~6위 / 풀 게이트 (18인) : 3~9위,,,,,
110191,,,near_count>=3&phase==1&corner!=0&order_rate>=40,,너무 존귀해서 되살아났다해!,챔피언스 미팅 (9인) : 4~9위 / 팀 경기장 (12인) : 5~12위 / 풀 게이트 (18인) : 7~18위,,,,,
110201,,,phase>=2&corner==0&order<=2&straight_front_type==2,phase>=2&corner==0&order<=2,Do Ya Breakin!,1~2위,,1~2위,,,
110221,,,remain_distance>=401&phase>=2&is_finalcorner==1&order_rate>=20&order_rate<=40,phase>=2&is_finalcorner==1&order_rate>=20&order_rate<=40,Best day ever,챔피언스 미팅 (9인) : 2~4위 / 팀 경기장 (12인) : 2~5위 / 풀 게이트 (18인) : 4~7위,,챔피언스 미팅 (9인) : 2~4위 / 팀 경기장 (12인) : 2~5위 / 풀 게이트 (18인) : 4~7위,,,
110231,,,order_rate_in40_continue==1&phase==1&distance_rate>=50&order>=2&order_rate<=40,,Presents from X,챔피언스 미팅 (9인) : 2~4위 / 팀 경기장 (12인) : 2~5위 / 풀 게이트 (18인) : 2~7위,,,,,
110241,,,is_finalcorner==1&corner!=0&order_rate<=40&change_order_onetime<0,is_finalcorner==1&corner!=0&order_rate>=50&order_rate<=80&change_order_onetime<0,플라워리☆머누버,챔피언스 미팅 (9인) : 1~4위 / 팀 경기장 (12인) : 1~5위 / 풀 게이트 (18인) : 1~7위,,챔피언스 미팅 (9인) : 5~7위 / 팀 경기장 (12인) : 6~10위 / 풀 게이트 (18인) : 9~14위,,,
110261,,,order<=4&phase==1&corner!=0&bashin_diff_behind<=3,,오퍼레이션・Cacao,1~4위,,,,,
110271,,,distance_rate>=60&slope==2&phase==1&order>=2&distance_diff_top<=10&distance_type==3,distance_rate>=60&slope==2&phase==1&order>=2&distance_diff_top<=10&distance_type!=3,당신에게 바치는 프리 푸어링,2위~최하위,,2위~최하위,,,
110301,,,phase==1&order>=2&order_rate<=50&overtake_target_time>=1,,Drain for rose,챔피언스 미팅 (9인) : 2~5위 / 팀 경기장 (12인) : 2~6위 / 풀 게이트 (18인) : 2~9위,,,,,
110311,,,phase_firsthalf_random==1&order_rate<=30,,프레시☆팔러,챔피언스 미팅 (9인) : 1~4위 / 팀 경기장 (12인) : 1~5위 / 풀 게이트 (18인) : 1~7위,,,,,
110341,phase>=2&corner!=0&order_rate>=60&is_overtake==1,,is_last_straight_onetime==1,,등불,,,,,챔피언스 미팅 (9인) : 5~9위 / 팀 경기장 (12인) : 7~12위 / 풀 게이트 (18인) : 11~18위,
110351,,,is_lastspurt==1&is_finalcorner==1&corner==0&order_rate>=40,,"꿈 너머로, 전해져라!",챔피언스 미팅 (9인) : 4~9위 / 팀 경기장 (12인) : 5~12위 / 풀 게이트 (18인) : 7~18위,,,,,
110381,,,remain_distance<=350&order_rate<=40&order_rate>=20&bashin_diff_behind<=1,,One True Color,챔피언스 미팅 (9인) : 2~4위 / 팀 경기장 (12인) : 2~5위 / 풀 게이트 (18인) : 4~7위,,,,,
110401,,,is_finalcorner==1&corner!=0&order_rate>=30&order_rate<=70&blocked_side_continuetime>=2,,GET DOWN,챔피언스 미팅 (9인) : 3~6위 / 팀 경기장 (12인) : 4~8위 / 풀 게이트 (18인) : 5~13위,,,,,
110451,,,is_finalcorner==1&corner==0&order<=4&bashin_diff_infront<=1,,빙글빙글 머미 트릭♡,1~4위,,,,,
110501,,,phase>=2&is_finalcorner_laterhalf==1&order_rate<=75&order_rate>=40,,Hephaistos,챔피언스 미팅 (9인) : 4~7위 / 팀 경기장 (12인) : 5~9위 / 풀 게이트 (18인) : 7~14위,,,,,
110561,,,distance_rate>=50&order_rate>=40&overtake_target_time>=2,,벼가 곧 무르익노라,챔피언스 미팅 (9인) : 4~9위 / 팀 경기장 (12인) : 5~12위 / 풀 게이트 (18인) : 7~18위,,,,,
110581,,,is_last_straight_onetime==1&order_rate<=40,,Spooky-Scary-Happy,챔피언스 미팅 (9인) : 1~4위 / 팀 경기장 (12인) : 1~5위 / 풀 게이트 (18인) : 1~7위,,,,,
110591,,,distance_rate>=60&slope==2&phase==1&order_rate>=40&order_rate<=80&remain_distance>=500,,두근거림이 부르는 곳으로,챔피언스 미팅 (9인) : 4~7위 / 팀 경기장 (12인) : 5~10위 / 풀 게이트 (18인) : 7~14위,,,,,
110601,is_finalcorner==1&change_order_onetime<0,is_finalcorner==1&change_order_onetime<0,is_finalcorner==1&corner==0&order_rate>=40&order_rate<=70&popularity>=4,is_finalcorner==1&corner==0&order_rate>=40&order_rate<=70&popularity<4,Go☆Go☆for it!,챔피언스 미팅 (9인) : 4~6위 / 팀 경기장 (12인) : 5~8위 / 풀 게이트 (18인) : 7~13위,,챔피언스 미팅 (9인) : 4~6위 / 팀 경기장 (12인) : 5~8위 / 풀 게이트 (18인) : 7~13위,,,
110671,,,distance_rate>=40&distance_rate<=50&order_rate>=40&order_rate<=80,,"검은 구름을 흩뜨리는, 황금의 첫 화살",챔피언스 미팅 (9인) : 4~7위 / 팀 경기장 (12인) : 5~10위 / 풀 게이트 (18인) : 7~14위,,,,,
110681,,,phase>=2&corner!=0&remain_distance>=600&order<=3,,훌륭한 진수성찬!,1~3위,,,,,
120131,,,distance_rate>=50&order_rate<=40,,"빛나는 바다, 눈부신 그대",챔피언스 미팅 (9인) : 1~4위 / 팀 경기장 (12인) : 1~5위 / 풀 게이트 (18인) : 1~7위,,,,,
200541,,,running_style==1&phase_random==1&order_rate<=50,,탈출술,챔피언스 미팅 (9인) : 1~5위 / 팀 경기장 (12인) : 1~6위 / 풀 게이트 (18인) : 1~9위,,,,,
200542,,,running_style==1&phase_random==1&order_rate<=50,,빠른 걸음,챔피언스 미팅 (9인) : 1~5위 / 팀 경기장 (12인) : 1~6위 / 풀 게이트 (18인) : 1~9위,,,,,
200561,,,running_style==2&phase_laterhalf_random==0&order_rate<=50,,여유만만,챔피언스 미팅 (9인) : 1~5위 / 팀 경기장 (12인) : 1~6위 / 풀 게이트 (18인) : 1~9위,,,,,
200562,,,running_style==2&phase_laterhalf_random==0&order_rate<=50,,스태미나 킵,챔피언스 미팅 (9인) : 1~5위 / 팀 경기장 (12인) : 1~6위 / 풀 게이트 (18인) : 1~9위,,,,,
200571,,,running_style==2&phase_random==1&order_rate<=50,,레이스 플래너,챔피언스 미팅 (9인) : 1~5위 / 팀 경기장 (12인) : 1~6위 / 풀 게이트 (18인) : 1~9위,,,,,
200572,,,running_style==2&phase_random==1&order_rate<=50,,좋은 위치 뒤따르기,챔피언스 미팅 (9인) : 1~5위 / 팀 경기장 (12인) : 1~6위 / 풀 게이트 (18인) : 1~9위,,,,,
200581,,,running_style==2&is_finalcorner_random==1&order_rate<=50,,스피드스터,챔피언스 미팅 (9인) : 1~5위 / 팀 경기장 (12인) : 1~6위 / 풀 게이트 (18인) : 1~9위,,,,,
200582,,,running_style==2&is_finalcorner_random==1&order_rate<=50,,빠져나갈 준비,챔피언스 미팅 (9인) : 1~5위 / 팀 경기장 (12인) : 1~6위 / 풀 게이트 (18인) : 1~9위,,,,,
200591,,,running_style==3&phase_random==1&order_rate>50,,신속 과감,챔피언스 미팅 (9인) : 5위 / 팀 경기장 (12인) : 5~7위 / 풀 게이트 (18인) : 5~11위,,,,,
200592,,,running_style==3&phase_random==1&order_rate>50,,위치 선정 밀어붙이기,챔피언스 미팅 (9인) : 5위 / 팀 경기장 (12인) : 5~7위 / 풀 게이트 (18인) : 5~11위,,,,,
200601,,,running_style==3&phase_random==2&order_rate>50,,능숙한 환승,챔피언스 미팅 (9인) : 5위 / 팀 경기장 (12인) : 5~7위 / 풀 게이트 (18인) : 5~11위,,,,,
200602,,,running_style==3&phase_random==2&order_rate>50,,추월 확정 태세,챔피언스 미팅 (9인) : 5위 / 팀 경기장 (12인) : 5~7위 / 풀 게이트 (18인) : 5~11위,,,,,
200662,,,distance_type==1&phase_random==1&order_rate>50,,상황 파악,챔피언스 미팅 (9인) : 5위 / 팀 경기장 (12인) : 5~7위 / 풀 게이트 (18인) : 5~11위,,,,,
200671,,,distance_type==1&phase_random==2&order_rate>50,,번갯불의 번뜩임,챔피언스 미팅 (9인) : 5위 / 팀 경기장 (12인) : 5~7위 / 풀 게이트 (18인) : 5~11위,,,,,
200672,,,distance_type==1&phase_random==2&order_rate>50,,바짝 붙기,챔피언스 미팅 (9인) : 5위 / 팀 경기장 (12인) : 5~7위 / 풀 게이트 (18인) : 5~11위,,,,,
200681,,,distance_type==2&phase_random==0&accumulatetime>=5&order_rate<=50,,마일의 지배자,챔피언스 미팅 (9인) : 1~5위 / 팀 경기장 (12인) : 1~6위 / 풀 게이트 (18인) : 1~9위,,,,,
200682,,,distance_type==2&phase_random==0&accumulatetime>=5&order_rate<=50,,적극책,챔피언스 미팅 (9인) : 1~5위 / 팀 경기장 (12인) : 1~6위 / 풀 게이트 (18인) : 1~9위,,,,,
200691,,,distance_type==2&phase_laterhalf_random==0&order_rate>50,,혜안,챔피언스 미팅 (9인) : 5위 / 팀 경기장 (12인) : 5~7위 / 풀 게이트 (18인) : 5~11위,,,,,
200692,,,distance_type==2&phase_laterhalf_random==0&order_rate>50,,전개 살피기,챔피언스 미팅 (9인) : 5위 / 팀 경기장 (12인) : 5~7위 / 풀 게이트 (18인) : 5~11위,,,,,
200701,,,distance_type==2&phase_random==2&order_rate>50,,강인한 다리,챔피언스 미팅 (9인) : 5위 / 팀 경기장 (12인) : 5~7위 / 풀 게이트 (18인) : 5~11위,,,,,
200702,,,distance_type==2&phase_random==2&order_rate>50,,상승기류,챔피언스 미팅 (9인) : 5위 / 팀 경기장 (12인) : 5~7위 / 풀 게이트 (18인) : 5~11위,,,,,
200711,,,distance_type==3&phase_random==1&order<=3,,개척자,1~3위,,,,,
200712,,,distance_type==3&phase_random==1&order<=3,,전도유망,1~3위,,,,,
200721,,,distance_type==3&phase_random==1&order_rate<=50,,킬러 튠,챔피언스 미팅 (9인) : 1~5위 / 팀 경기장 (12인) : 1~6위 / 풀 게이트 (18인) : 1~9위,,,,,
200722,,,distance_type==3&phase_random==1&order_rate<=50,,템포 업,챔피언스 미팅 (9인) : 1~5위 / 팀 경기장 (12인) : 1~6위 / 풀 게이트 (18인) : 1~9위,,,,,
200771,,,phase==1&order_rate<=50&temptation_opponent_count_behind>=1,,트릭(앞),챔피언스 미팅 (9인) : 1~5위 / 팀 경기장 (12인) : 1~6위 / 풀 게이트 (18인) : 1~9위,,,,,
200772,,,phase==1&order_rate<=50&temptation_opponent_count_behind>=1,,넋이 나가는 트릭,챔피언스 미팅 (9인) : 1~5위 / 팀 경기장 (12인) : 1~6위 / 풀 게이트 (18인) : 1~9위,,,,,
200781,,,phase==1&order_rate>50&temptation_opponent_count_infront>=1,,트릭(뒤),챔피언스 미팅 (9인) : 5위 / 팀 경기장 (12인) : 5~7위 / 풀 게이트 (18인) : 5~11위,,,,,
200991,,,distance_type==1&phase_laterhalf_random==1&order>=2&order_rate<=50,,플랜 X,챔피언스 미팅 (9인) : 2~5위 / 팀 경기장 (12인) : 2~6위 / 풀 게이트 (18인) : 2~9위,,,,,
200992,,,distance_type==1&phase_laterhalf_random==1&order>=2&order_rate<=50,,선후책,챔피언스 미팅 (9인) : 2~5위 / 팀 경기장 (12인) : 2~6위 / 풀 게이트 (18인) : 2~9위,,,,,
201011,,,distance_type==1&phase_random==0&order_rate<=50&accumulatetime>=5,,뇌쇄술,챔피언스 미팅 (9인) : 1~5위 / 팀 경기장 (12인) : 1~6위 / 풀 게이트 (18인) : 1~9위,,,,,
201012,,,distance_type==1&phase_random==0&order_rate<=50&accumulatetime>=5,,후방 못박기,챔피언스 미팅 (9인) : 1~5위 / 팀 경기장 (12인) : 1~6위 / 풀 게이트 (18인) : 1~9위,,,,,
201021,,,distance_type==1&phase_random==0&order_rate>50&accumulatetime>=5,,도망 금지령,챔피언스 미팅 (9인) : 5위 / 팀 경기장 (12인) : 5~7위 / 풀 게이트 (18인) : 5~11위,,,,,
201022,,,distance_type==1&phase_random==0&order_rate>50&accumulatetime>=5,,앞지르기 금지,챔피언스 미팅 (9인) : 5위 / 팀 경기장 (12인) : 5~7위 / 풀 게이트 (18인) : 5~11위,,,,,
201051,,,distance_type==2&phase_random==1&order_rate<=50,,기어 체인지,챔피언스 미팅 (9인) : 1~5위 / 팀 경기장 (12인) : 1~6위 / 풀 게이트 (18인) : 1~9위,,,,,
201052,,,distance_type==2&phase_random==1&order_rate<=50,,기어 시프트,챔피언스 미팅 (9인) : 1~5위 / 팀 경기장 (12인) : 1~6위 / 풀 게이트 (18인) : 1~9위,,,,,
201081,,,distance_type==2&phase_random==1&order<=3,,스피드 그리드,1~3위,,,,,
201082,,,distance_type==2&phase_random==1&order<=3,,스피드 이터,1~3위,,,,,
201091,,,distance_type==2&phase_random==0&order_rate>50&accumulatetime>=3,,포진,챔피언스 미팅 (9인) : 5위 / 팀 경기장 (12인) : 5~7위 / 풀 게이트 (18인) : 5~11위,,,,,
201092,,,distance_type==2&phase_random==0&order_rate>50&accumulatetime>=3,,포석,챔피언스 미팅 (9인) : 5위 / 팀 경기장 (12인) : 5~7위 / 풀 게이트 (18인) : 5~11위,,,,,
201131,,,distance_type==3&phase_random==1&order_rate>50,,라이트닝 스텝,챔피언스 미팅 (9인) : 5위 / 팀 경기장 (12인) : 5~7위 / 풀 게이트 (18인) : 5~11위,,,,,
201132,,,distance_type==3&phase_random==1&order_rate>50,,천둥 번개 스텝,챔피언스 미팅 (9인) : 5위 / 팀 경기장 (12인) : 5~7위 / 풀 게이트 (18인) : 5~11위,,,,,
201151,,,distance_type==3&phase_random==2&order_rate>50,,독점력,챔피언스 미팅 (9인) : 5위 / 팀 경기장 (12인) : 5~7위 / 풀 게이트 (18인) : 5~11위,,,,,
201152,,,distance_type==3&phase_random==2&order_rate>50,,속박,챔피언스 미팅 (9인) : 5위 / 팀 경기장 (12인) : 5~7위 / 풀 게이트 (18인) : 5~11위,,,,,
201221,,,distance_type==4&phase_random==1&order>=5,,스태미나 그리드,5위~최하위,,,,,
201222,,,distance_type==4&phase_random==1&order>=5,,스태미나 이터,5위~최하위,,,,,
201291,,,running_style==1&phase_random==1&order>=2,,재연소,2위~최하위,,,,,
201292,,,running_style==1&phase_random==1&order>=2,,두 번째 화살,2위~최하위,,,,,
201302,,,running_style==1&phase_random==0&order>=2&accumulatetime>=5,,리스타트,2위~최하위,,,,,
201361,,,running_style==2&phase_random==1&order_rate>40,,불굴의 정신,챔피언스 미팅 (9인) : 5~9위 / 팀 경기장 (12인) : 6~12위 / 풀 게이트 (18인) : 8~18위,,,,,
201362,,,running_style==2&phase_random==1&order_rate>40,,새 출발,챔피언스 미팅 (9인) : 5~9위 / 팀 경기장 (12인) : 6~12위 / 풀 게이트 (18인) : 8~18위,,,,,
201371,,,running_style==2&phase_random==2&order_rate<=50,,현혹의 교란,챔피언스 미팅 (9인) : 1~5위 / 팀 경기장 (12인) : 1~6위 / 풀 게이트 (18인) : 1~9위,,,,,
201372,,,running_style==2&phase_random==2&order_rate<=50,,교란,챔피언스 미팅 (9인) : 1~5위 / 팀 경기장 (12인) : 1~6위 / 풀 게이트 (18인) : 1~9위,,,,,
201441,,,running_style==3&phase_random==2&order_rate>50,,사방팔방 째려보기,챔피언스 미팅 (9인) : 5위 / 팀 경기장 (12인) : 5~7위 / 풀 게이트 (18인) : 5~11위,,,,,
201442,,,running_style==3&phase_random==2&order_rate>50,,날카로운 눈빛,챔피언스 미팅 (9인) : 5위 / 팀 경기장 (12인) : 5~7위 / 풀 게이트 (18인) : 5~11위,,,,,
201501,,,running_style==4&phase_random==2&order_rate>50,,천명을 받은 자,챔피언스 미팅 (9인) : 5위 / 팀 경기장 (12인) : 5~7위 / 풀 게이트 (18인) : 5~11위,,,,,
201502,,,running_style==4&phase_random==2&order_rate>50,,책사,챔피언스 미팅 (9인) : 5위 / 팀 경기장 (12인) : 5~7위 / 풀 게이트 (18인) : 5~11위,,,,,
201511,,,running_style==4&phase_random==2&order>=2,,뜨거운 시선,2위~최하위,,,,,
201512,,,running_style==4&phase_random==2&order>=2,,시선,2위~최하위,,,,,
201691,,,running_style==3&phase_laterhalf_random==0&order_rate>=50,,잠복 태세,챔피언스 미팅 (9인) : 5~9위 / 팀 경기장 (12인) : 6~12위 / 풀 게이트 (18인) : 9~18위,,,,,
201692,,,running_style==3&phase_laterhalf_random==0&order_rate>=50,,조용한 호흡,챔피언스 미팅 (9인) : 5~9위 / 팀 경기장 (12인) : 6~12위 / 풀 게이트 (18인) : 9~18위,,,,,
201701,,,distance_type==3&is_lastspurt==1&corner==0&order_rate>=20&order_rate<=60,,결사의 각오,챔피언스 미팅 (9인) : 2~5위 / 팀 경기장 (12인) : 2~7위 / 풀 게이트 (18인) : 4~11위,,,,,
201702,,,distance_type==3&is_lastspurt==1&corner==0&order_rate>=20&order_rate<=60,,남김 없이,챔피언스 미팅 (9인) : 2~5위 / 팀 경기장 (12인) : 2~7위 / 풀 게이트 (18인) : 4~11위,,,,,
201901,,,running_style==2&phase_random==2&order_rate<=50,,치열한 승부,챔피언스 미팅 (9인) : 1~5위 / 팀 경기장 (12인) : 1~6위 / 풀 게이트 (18인) : 1~9위,,,,,
201902,,,running_style==2&phase_random==2&order_rate<=50,,정면 승부,챔피언스 미팅 (9인) : 1~5위 / 팀 경기장 (12인) : 1~6위 / 풀 게이트 (18인) : 1~9위,,,,,
202001,,,ground_type==2&phase_random==1&order_rate>=50,,모래의 현인,챔피언스 미팅 (9인) : 5~9위 / 팀 경기장 (12인) : 6~12위 / 풀 게이트 (18인) : 9~18위,,,,,
202002,,,ground_type==2&phase_random==1&order_rate>=50,,모래 먼지 적응,챔피언스 미팅 (9인) : 5~9위 / 팀 경기장 (12인) : 6~12위 / 풀 게이트 (18인) : 9~18위,,,,,
202011,,,distance_type==4&phase_laterhalf_random==1&order_rate<=50,,노력의 결정체,챔피언스 미팅 (9인) : 1~5위 / 팀 경기장 (12인) : 1~6위 / 풀 게이트 (18인) : 1~9위,,,,,
202012,,,distance_type==4&phase_laterhalf_random==1&order_rate<=50,,노력의 결과,챔피언스 미팅 (9인) : 1~5위 / 팀 경기장 (12인) : 1~6위 / 풀 게이트 (18인) : 1~9위,,,,,
202021,,,running_style==4&phase_random==1&order_rate>=50,,강공책,챔피언스 미팅 (9인) : 5~9위 / 팀 경기장 (12인) : 6~12위 / 풀 게이트 (18인) : 9~18위,,,,,
202022,,,running_style==4&phase_random==1&order_rate>=50,,이른 작전,챔피언스 미팅 (9인) : 5~9위 / 팀 경기장 (12인) : 6~12위 / 풀 게이트 (18인) : 9~18위,,,,,
202041,,,distance_type==1&phase_laterhalf_random==1&order_rate<=50,,의기충천,챔피언스 미팅 (9인) : 1~5위 / 팀 경기장 (12인) : 1~6위 / 풀 게이트 (18인) : 1~9위,,,,,
202042,,,distance_type==1&phase_laterhalf_random==1&order_rate<=50,,가벼운 발걸음,챔피언스 미팅 (9인) : 1~5위 / 팀 경기장 (12인) : 1~6위 / 풀 게이트 (18인) : 1~9위,,,,,
202071,,,distance_type==4&phase_firsthalf_random==1&order_rate>=40&order_rate<=80,,태연자약,챔피언스 미팅 (9인) : 4~7위 / 팀 경기장 (12인) : 5~10위 / 풀 게이트 (18인) : 7~14위,,,,,
202072,,,distance_type==4&phase_firsthalf_random==1&order_rate>=40&order_rate<=80,,마이페이스,챔피언스 미팅 (9인) : 4~7위 / 팀 경기장 (12인) : 5~10위 / 풀 게이트 (18인) : 7~14위,,,,,
202081,,,distance_type==3&phase_random==2&order_rate>=50,,기사회생,챔피언스 미팅 (9인) : 5~9위 / 팀 경기장 (12인) : 6~12위 / 풀 게이트 (18인) : 9~18위,,,,,
202082,,,distance_type==3&phase_random==2&order_rate>=50,,원 찬스,챔피언스 미팅 (9인) : 5~9위 / 팀 경기장 (12인) : 6~12위 / 풀 게이트 (18인) : 9~18위,,,,,
202091,,,distance_type==3&phase==1&order_rate<=70&order_rate>=40&blocked_side_continuetime>=2,,기염만장,챔피언스 미팅 (9인) : 4~6위 / 팀 경기장 (12인) : 5~8위 / 풀 게이트 (18인) : 7~13위,,,,,
202092,,,distance_type==3&phase==1&order_rate<=70&order_rate>=40&blocked_side_continuetime>=2,,투쟁심,챔피언스 미팅 (9인) : 4~6위 / 팀 경기장 (12인) : 5~8위 / 풀 게이트 (18인) : 7~13위,,,,,
202101,,,distance_type==3&phase_random==1&order_rate>=50,,고양감,챔피언스 미팅 (9인) : 5~9위 / 팀 경기장 (12인) : 6~12위 / 풀 게이트 (18인) : 9~18위,,,,,
202102,,,distance_type==3&phase_random==1&order_rate>=50,,앞으로 기우뚱,챔피언스 미팅 (9인) : 5~9위 / 팀 경기장 (12인) : 6~12위 / 풀 게이트 (18인) : 9~18위,,,,,
202111,,,distance_type==2&is_finalcorner_random==1&order_rate>=50,,파죽지세,챔피언스 미팅 (9인) : 5~9위 / 팀 경기장 (12인) : 6~12위 / 풀 게이트 (18인) : 9~18위,,,,,
202112,,,distance_type==2&is_finalcorner_random==1&order_rate>=50,,기합충분,챔피언스 미팅 (9인) : 5~9위 / 팀 경기장 (12인) : 6~12위 / 풀 게이트 (18인) : 9~18위,,,,,
202121,,,running_style==3&distance_rate_after_random==50&order_rate>=40&order_rate<=70,,대담무쌍,챔피언스 미팅 (9인) : 4~6위 / 팀 경기장 (12인) : 5~8위 / 풀 게이트 (18인) : 7~13위,,,,,
202122,,,running_style==3&distance_rate_after_random==50&order_rate>=40&order_rate<=70,,두려워하지 않는 마음,챔피언스 미팅 (9인) : 4~6위 / 팀 경기장 (12인) : 5~8위 / 풀 게이트 (18인) : 7~13위,,,,,
202131,,,distance_type==3&phase_random==1&order<=3,,사나운 회오리바람,1~3위,,,,,
202132,,,distance_type==3&phase_random==1&order<=3,,기백을 담아서,1~3위,,,,,
202261,,,ground_type==2&phase_laterhalf_random==1&order_rate<=50,,승리할 기회,챔피언스 미팅 (9인) : 1~5위 / 팀 경기장 (12인) : 1~6위 / 풀 게이트 (18인) : 1~9위,,,,,
202262,,,ground_type==2&phase_laterhalf_random==1&order_rate<=50,,좋은 징조,챔피언스 미팅 (9인) : 1~5위 / 팀 경기장 (12인) : 1~6위 / 풀 게이트 (18인) : 1~9위,,,,,
202271,,,ground_type==2&phase_random==1&order_rate>=50,,권토중래,챔피언스 미팅 (9인) : 5~9위 / 팀 경기장 (12인) : 6~12위 / 풀 게이트 (18인) : 9~18위,,,,,
202272,,,ground_type==2&phase_random==1&order_rate>=50,,만회하기,챔피언스 미팅 (9인) : 5~9위 / 팀 경기장 (12인) : 6~12위 / 풀 게이트 (18인) : 9~18위,,,,,
202281,,,ground_type==2&phase_random==3&order_rate<=50&is_lastspurt==1,,전속전진!,챔피언스 미팅 (9인) : 1~5위 / 팀 경기장 (12인) : 1~6위 / 풀 게이트 (18인) : 1~9위,,,,,
202282,,,ground_type==2&phase_random==3&order_rate<=50&is_lastspurt==1,,쏜살같이,챔피언스 미팅 (9인) : 1~5위 / 팀 경기장 (12인) : 1~6위 / 풀 게이트 (18인) : 1~9위,,,,,
202291,,,ground_type==2&order_rate>=50&activate_count_heal>=1&distance_rate<=42&phase==1,,명경지수,챔피언스 미팅 (9인) : 5~9위 / 팀 경기장 (12인) : 6~12위 / 풀 게이트 (18인) : 9~18위,,,,,
202292,,,ground_type==2&order_rate>=50&activate_count_heal>=1&distance_rate<=42&phase==1,,또렷한 생각,챔피언스 미팅 (9인) : 5~9위 / 팀 경기장 (12인) : 6~12위 / 풀 게이트 (18인) : 9~18위,,,,,
202311,,,ground_type==2&phase_random==2&order_rate<=50,,센터를 노려라!,챔피언스 미팅 (9인) : 1~5위 / 팀 경기장 (12인) : 1~6위 / 풀 게이트 (18인) : 1~9위,,,,,
202312,,,ground_type==2&phase_random==2&order_rate<=50,,의욕은 충분,챔피언스 미팅 (9인) : 1~5위 / 팀 경기장 (12인) : 1~6위 / 풀 게이트 (18인) : 1~9위,,,,,
202321,,,ground_type==2&phase_random==2&order_rate>=50,,폭주 모드!,챔피언스 미팅 (9인) : 5~9위 / 팀 경기장 (12인) : 6~12위 / 풀 게이트 (18인) : 9~18위,,,,,
202322,,,ground_type==2&phase_random==2&order_rate>=50,,급부상,챔피언스 미팅 (9인) : 5~9위 / 팀 경기장 (12인) : 6~12위 / 풀 게이트 (18인) : 9~18위,,,,,
202351,,,ground_type==2&accumulatetime>=10&phase==0&order<=1&bashin_diff_behind<=1,,모래 위의 무희,선두,,,,,
202352,,,ground_type==2&accumulatetime>=10&phase==0&order<=1&bashin_diff_behind<=1,,흙먼지,선두,,,,,
202381,,,phase_random==1&running_style==4&order_rate>=75,,브레이크 스루,챔피언스 미팅 (9인) : 7~9위 / 팀 경기장 (12인) : 9~12위 / 풀 게이트 (18인) : 14~18위,,,,,
202382,,,phase_random==1&running_style==4&order_rate>=75,,타개책,챔피언스 미팅 (9인) : 7~9위 / 팀 경기장 (12인) : 9~12위 / 풀 게이트 (18인) : 14~18위,,,,,
202401,,,distance_type==1&phase>=2&order_rate>=50&is_overtake==1@distance_type==2&phase>=2&order_rate>=50&is_overtake==1,,전광석화,챔피언스 미팅 (9인) : 5~9위 / 팀 경기장 (12인) : 6~12위 / 풀 게이트 (18인) : 9~18위,챔피언스 미팅 (9인) : 5~9위 / 팀 경기장 (12인) : 6~12위 / 풀 게이트 (18인) : 9~18위,,,,
202402,,,distance_type==1&phase>=2&order_rate>=50&is_overtake==1@distance_type==2&phase>=2&order_rate>=50&is_overtake==1,,한달음,챔피언스 미팅 (9인) : 5~9위 / 팀 경기장 (12인) : 6~12위 / 풀 게이트 (18인) : 9~18위,챔피언스 미팅 (9인) : 5~9위 / 팀 경기장 (12인) : 6~12위 / 풀 게이트 (18인) : 9~18위,,,,
202411,,,running_style==2&order>=2&distance_diff_top<=5&distance_rate>=60&phase==1,,풍운의 뜻,2위~최하위,,,,,
202412,,,running_style==2&order>=2&distance_diff_top<=5&distance_rate>=60&phase==1,,향상심,2위~최하위,,,,,
202421,,,distance_type==4&running_style==3&is_lastspurt==1&order_rate>=40,,무아몽중,챔피언스 미팅 (9인) : 4~9위 / 팀 경기장 (12인) : 5~12위 / 풀 게이트 (18인) : 7~18위,,,,,
202422,,,distance_type==4&running_style==3&is_lastspurt==1&order_rate>=40,,죽기살기,챔피언스 미팅 (9인) : 4~9위 / 팀 경기장 (12인) : 5~12위 / 풀 게이트 (18인) : 7~18위,,,,,
202451,,,running_style==3&is_finalcorner==1&corner==0&order>=2&distance_diff_top<=10,,톱기어,2위~최하위,,,,,
202452,,,running_style==3&is_finalcorner==1&corner==0&order>=2&distance_diff_top<=10,,폭발하는 다리,2위~최하위,,,,,
202501,,,distance_type==2&phase_laterhalf_random==1&order_rate<=50,,마구마구,챔피언스 미팅 (9인) : 1~5위 / 팀 경기장 (12인) : 1~6위 / 풀 게이트 (18인) : 1~9위,,,,,
202502,,,distance_type==2&phase_laterhalf_random==1&order_rate<=50,,무모함,챔피언스 미팅 (9인) : 1~5위 / 팀 경기장 (12인) : 1~6위 / 풀 게이트 (18인) : 1~9위,,,,,
210071,,,distance_rate_after_random==50&order_rate<=65,,너와 함께 이기고 싶어,챔피언스 미팅 (9인) : 1~6위 / 팀 경기장 (12인) : 1~8위 / 풀 게이트 (18인) : 1~12위,,,,,
210072,,,distance_rate_after_random==50&order_rate<=65,,꿈꾸는 도중,챔피언스 미팅 (9인) : 1~6위 / 팀 경기장 (12인) : 1~8위 / 풀 게이트 (18인) : 1~12위,,,,,
900011,,,phase>=2&order>=1&order_rate<=50&change_order_onetime<0,,슈팅 스타,챔피언스 미팅 (9인) : 1~5위 / 팀 경기장 (12인) : 1~6위 / 풀 게이트 (18인) : 1~9위,,,,,
900031,,,is_finalcorner==1&corner==0&order<=3&bashin_diff_infront<=1&is_overtake==1,,궁극 테이오 스텝,1~3위,,,,,
900041,,,is_finalcorner==1&order<=5&order_rate<=50,,홍염 기어/LP1211-M,1~5위,,,,,
900051,,,is_finalcorner==1&corner==0&order_rate<=30&behind_near_lane_time_set1>=1,,반짝이는 별의 보드빌,챔피언스 미팅 (9인) : 1~4위 / 팀 경기장 (12인) : 1~5위 / 풀 게이트 (18인) : 1~7위,,,,,
900061,,,order>=2&order<=5&order_rate<=50&remain_distance<=201&remain_distance>=199,,승리의 고동,2~5위,,,,,
900071,,,distance_rate>=50&distance_rate<=60&order_rate>50,,"불침함, 출항!",챔피언스 미팅 (9인) : 5위 / 팀 경기장 (12인) : 5~7위 / 풀 게이트 (18인) : 5~11위,,,,,
900081,,,order>=3&order_rate<=50&remain_distance<=200&bashin_diff_infront<=1@order>=3&order_rate<=50&remain_distance<=200&bashin_diff_behind<=1,,커팅×DRIVE!,챔피언스 미팅 (9인) : 3~5위 / 팀 경기장 (12인) : 3~6위 / 풀 게이트 (18인) : 3~9위,챔피언스 미팅 (9인) : 3~5위 / 팀 경기장 (12인) : 3~6위 / 풀 게이트 (18인) : 3~9위,,,,
900101,,,is_finalcorner_laterhalf==1&corner!=0&order>=3&order_rate<=40,,빅토리 샷!,챔피언스 미팅 (9인) : 3~4위 / 팀 경기장 (12인) : 3~5위 / 풀 게이트 (18인) : 3~7위,,,,,
900111,,,is_finalcorner==1&corner==0&change_order_onetime<0&order>=3,,정신일도 하사불성,3위~최하위,,,,,
900121,is_finalcorner==1&is_behind_in==1&change_order_onetime<0&order_rate>=40,,is_finalcorner==1&corner==0,,맞짱! 데드히트!,,,,,챔피언스 미팅 (9인) : 4~8위 / 팀 경기장 (12인) : 5~11위 / 풀 게이트 (18인) : 7~17위,
900141,,,is_finalcorner==1&corner==0&hp_per>=30&order<=2,,플란차☆가나도르,1~2위,,,,,
900151,,,is_finalcorner==1&bashin_diff_behind<=1&order<=4@is_finalcorner==1&bashin_diff_infront<=1&order<=4,,빅토리아에게 바치는 무도,1~4위,1~4위,,,,
900161,phase==1&blocked_side_continuetime>=2,,is_finalcorner==1&order>=2&order_rate<=75&is_behind_in==1&change_order_onetime<0,is_finalcorner==1&order>=2&order_rate<=75&is_behind_in==1&change_order_onetime<0,Shadow Break,챔피언스 미팅 (9인) : 2~7위 / 팀 경기장 (12인) : 2~9위 / 풀 게이트 (18인) : 2~14위,,챔피언스 미팅 (9인) : 2~7위 / 팀 경기장 (12인) : 2~9위 / 풀 게이트 (18인) : 2~14위,,,
900181,,,is_finalcorner==1&corner!=0&order>=3&change_order_onetime<0,,블레이즈 오브 프라이드,3위~최하위,,,,,
900211,,,distance_rate>=50&corner==0&order_rate>=70&order_rate<=75&is_overtake==1@distance_rate>=50&corner==0&order_rate<=30&order_rate>=20,,"하얀 번개, 보여 주꾸마!",챔피언스 미팅 (9인) : 6~7위 / 팀 경기장 (12인) : 8~9위 / 풀 게이트 (18인) : 13~14위,챔피언스 미팅 (9인) : 2~3위 / 팀 경기장 (12인) : 2~4위 / 풀 게이트 (18인) : 4~5위,,,,
900221,,,distance_rate>=50&order>=2&order_rate<=40&blocked_side_continuetime>=2,,Fairy tale,챔피언스 미팅 (9인) : 2~4위 / 팀 경기장 (12인) : 2~5위 / 풀 게이트 (18인) : 2~7위,,,,,
900231,,,is_finalcorner==1&change_order_onetime<0&order<=4,,∴win Q.E.D.,1~4위,,,,,
900241,,,is_finalcorner==1&blocked_side_continuetime>=2&order<=3,,번뜩임☆랜딩,1~3위,,,,,
900251,,,distance_rate>=50&order_rate>=40&order_rate<=70,,당신을・뒤쫓아서,챔피언스 미팅 (9인) : 4~6위 / 팀 경기장 (12인) : 5~8위 / 풀 게이트 (18인) : 7~13위,,,,,
900261,,,is_badstart==0&temptation_count==0&order<=3&is_finalcorner==1&corner==0,,G00 1st.F∞;,1~3위,,,,,
900271,,,phase>=2&corner!=0&order_rate>=65&order_rate<=70,,레츠 아나볼릭!,챔피언스 미팅 (9인) : 6위 / 팀 경기장 (12인) : 8위 / 풀 게이트 (18인) : 12~13위,,,,,
900281,,,distance_rate>=45&distance_rate<=60&order>=3&order_rate<=50&hp_per<=70,,I'M☆FULL☆SPEED!!,챔피언스 미팅 (9인) : 3~5위 / 팀 경기장 (12인) : 3~6위 / 풀 게이트 (18인) : 3~9위,,,,,
900291,,,distance_diff_top<=5&remain_distance<=300&order_rate<=40,,눈에 반사되는 빛을 쫓아서,챔피언스 미팅 (9인) : 1~4위 / 팀 경기장 (12인) : 1~5위 / 풀 게이트 (18인) : 1~7위,,,,,
900301,is_finalcorner==1&order<=4&change_order_onetime<0,,is_finalcorner==1&corner==0,,블루 로즈 체이서,,,,,1~4위,
900311,remain_distance<=305&remain_distance>=300&slope==1,,remain_distance<=299&remain_distance>=295&order<=2&slope==0@remain_distance<=299&remain_distance>=295&order<=2&slope==2,remain_distance<=299&remain_distance>=295&order<=2,충전 완료! 전속 전진!,1~2위,1~2위,1~2위,,,
900321,,,distance_rate>=50&corner!=0&order>=3&order_rate<=40,,U=ma2,챔피언스 미팅 (9인) : 3~4위 / 팀 경기장 (12인) : 3~5위 / 풀 게이트 (18인) : 3~7위,,,,,
900331,,,is_finalcorner==1&corner==0&distance_diff_top>=5&order_rate<80,is_finalcorner==1&corner==0&distance_diff_top>=5&order_rate>=80,디오스쿠로이의 유성,챔피언스 미팅 (9인) : 2~6위 / 팀 경기장 (12인) : 2~9위 / 풀 게이트 (18인) : 2~13위,,챔피언스 미팅 (9인) : 7~9위 / 팀 경기장 (12인) : 10~12위 / 풀 게이트 (18인) : 14~18위,,,
900351,is_finalcorner==1&blocked_side_continuetime>=2,,is_finalcorner==1&corner==0&order<=5,,승리의 티켓을 너에게!,1~5위,,,,,
900361,is_finalcorner==1&order_rate>=40&order_rate<=75&lane_type==0,,is_finalcorner==1&corner==0,,trigger:BEAT,,,,,챔피언스 미팅 (9인) : 4~7위 / 팀 경기장 (12인) : 5~9위 / 풀 게이트 (18인) : 7~14위,
900371,,,is_badstart==0&temptation_count==0&order>=3&is_finalcorner==1&corner==0,,Schwarzes Schwert,3위~최하위,,,,,
900381,,,distance_rate>=50&distance_rate<=65&order>=2&order_rate<=40&change_order_onetime<0,,#LookatCurren,챔피언스 미팅 (9인) : 2~4위 / 팀 경기장 (12인) : 2~5위 / 풀 게이트 (18인) : 2~7위,,,,,
900401,,,distance_rate>=50&order_rate>=40&order_rate<=70&is_overtake==1,,KEEP IT REAL.,챔피언스 미팅 (9인) : 4~6위 / 팀 경기장 (12인) : 5~8위 / 풀 게이트 (18인) : 7~13위,,,,,
900411,,,distance_rate>=50&order<=3&blocked_side_continuetime>=2,,우등생×돌진=대승리!,1~3위,,,,,
900421,,,remain_distance<=201&remain_distance>=199&distance_diff_top<=5&order>=2,remain_distance<=201&remain_distance>=199&distance_diff_top<=10&order>=2,『I'm possible』,2위~최하위,,2위~최하위,,,
900451,,,phase_random==1&order>=2&order_rate<=40,,퓨리티 오브 하트,챔피언스 미팅 (9인) : 2~4위 / 팀 경기장 (12인) : 2~5위 / 풀 게이트 (18인) : 2~7위,,,,,
900461,,,phase==1&corner==0&order<=2&bashin_diff_behind<=1,,반짝반짝☆STARDOM,1~2위,,,,,
900471,,,phase>=2&remain_distance<=401&remain_distance>=399&order_rate<=40&grade==100&popularity<=3,phase>=2&remain_distance<=401&remain_distance>=399&order_rate<=40,"치켜들어라, 내 영혼의 검을!",챔피언스 미팅 (9인) : 1~4위 / 팀 경기장 (12인) : 1~5위 / 풀 게이트 (18인) : 1~7위,,챔피언스 미팅 (9인) : 1~4위 / 팀 경기장 (12인) : 1~5위 / 풀 게이트 (18인) : 1~7위,,,
900481,,,is_finalcorner==1&corner==0&order>=2&order_rate<=30&overtake_target_time>=2@is_finalcorner==1&corner==0&order_rate<=20&change_order_onetime<0,,YEAH☆VIVID TIME!,챔피언스 미팅 (9인) : 2~3위 / 팀 경기장 (12인) : 2~4위 / 풀 게이트 (18인) : 2~5위,챔피언스 미팅 (9인) : 1~2위 / 팀 경기장 (12인) : 1~2위 / 풀 게이트 (18인) : 1~4위,,,,
900491,is_finalcorner==1&is_overtake==1,is_finalcorner==1&is_overtake==1,remain_distance<=400&order_rate>=30&order_rate<=50&popularity>=4,remain_distance<=400&order_rate>=30&order_rate<=50&popularity<4,벼랑 끝에서 광기를 비웃어라,챔피언스 미팅 (9인) : 3~5위 / 팀 경기장 (12인) : 4~6위 / 풀 게이트 (18인) : 5~9위,,챔피언스 미팅 (9인) : 3~5위 / 팀 경기장 (12인) : 4~6위 / 풀 게이트 (18인) : 5~9위,,,
900501,,,is_finalcorner==1&order_rate>=40&order_rate<=75&is_overtake==1,,Nemesis,챔피언스 미팅 (9인) : 4~7위 / 팀 경기장 (12인) : 5~9위 / 풀 게이트 (18인) : 7~14위,,,,,
900511,phase==1&blocked_side_continuetime>=2&corner!=0,,phase>=2&is_finalcorner_laterhalf==1&order>=3&order_rate<=40@phase>=2&is_finalcorner==1&corner==0&order>=3&order_rate<=40,,"꽃봉오리, 피어날 때",챔피언스 미팅 (9인) : 3~4위 / 팀 경기장 (12인) : 3~5위 / 풀 게이트 (18인) : 3~7위,챔피언스 미팅 (9인) : 3~4위 / 팀 경기장 (12인) : 3~5위 / 풀 게이트 (18인) : 3~7위,,,,
900521,,,is_finalcorner==1&corner!=0&order_rate>50&near_count>=1,,두근두근 클라이맥스,챔피언스 미팅 (9인) : 5위 / 팀 경기장 (12인) : 5~7위 / 풀 게이트 (18인) : 5~11위,,,,,
900531,,,phase>=2&order_rate>=50&is_finalcorner==1&bashin_diff_infront<=1,,열혈!! 선도 어택,챔피언스 미팅 (9인) : 5~9위 / 팀 경기장 (12인) : 6~12위 / 풀 게이트 (18인) : 9~18위,,,,,
900561,,,phase>=2&order>=3&blocked_front==1,,옵니다 오고 있습니다 오게 할 겁니다!,3위~최하위,,,,,
900581,,,phase>=2&corner!=0&order>=3&change_order_onetime<0,,I Never Goof Up!,3위~최하위,,,,,
900591,,,phase>=2&corner!=0&is_finalcorner==0&temptation_count==0&order_rate>=50&order_rate<=70@phase==1&corner!=0&is_finalcorner==1&temptation_count==0&order_rate>=50&order_rate<=70,,"저편, 그 너머로…",챔피언스 미팅 (9인) : 5~6위 / 팀 경기장 (12인) : 6~8위 / 풀 게이트 (18인) : 9~13위,챔피언스 미팅 (9인) : 5~6위 / 팀 경기장 (12인) : 6~8위 / 풀 게이트 (18인) : 9~13위,,,,
900611,,,temptation_count==0&remain_distance<=201&remain_distance>=199&order>=4&order_rate<=70,,Pride of KING,챔피언스 미팅 (9인) : 4~6위 / 팀 경기장 (12인) : 4~8위 / 풀 게이트 (18인) : 4~13위,,,,,
900621,,,distance_rate>=50&phase==1&order>=3&order_rate<=70,,"땅, 팟, 뭉",챔피언스 미팅 (9인) : 3~6위 / 팀 경기장 (12인) : 3~8위 / 풀 게이트 (18인) : 3~13위,,,,,
900651,,,distance_type==1&phase_laterhalf_random==1&order_rate<=50@distance_type==2&phase_laterhalf_random==1&order_rate<=50,distance_type==3&phase_laterhalf_random==1&order_rate<=50@distance_type==4&phase_laterhalf_random==1&order_rate<=50,텐션 올려 푸쳐핸썹!,챔피언스 미팅 (9인) : 1~5위 / 팀 경기장 (12인) : 1~6위 / 풀 게이트 (18인) : 1~9위,챔피언스 미팅 (9인) : 1~5위 / 팀 경기장 (12인) : 1~6위 / 풀 게이트 (18인) : 1~9위,챔피언스 미팅 (9인) : 1~5위 / 팀 경기장 (12인) : 1~6위 / 풀 게이트 (18인) : 1~9위,챔피언스 미팅 (9인) : 1~5위 / 팀 경기장 (12인) : 1~6위 / 풀 게이트 (18인) : 1~9위,,
900671,,,is_last_straight_onetime==1&order>=2&order<=5&distance_diff_top<=5,is_last_straight_onetime==1&order>=2&order<=5&distance_diff_top>5,어둠을 비추어라 영원한 빛,2~5위,,2~5위,,,
900681,,,phase==2&straight_front_type==2&order<=2,distance_rate>=50&corner==3&order<=2,승리의 함성 어기여차!,1~2위,,1~2위,,,
900691,,,remain_distance<=300&order_rate<=40&bashin_diff_infront<=1,,동경은 벚꽃을 넘는다!,챔피언스 미팅 (9인) : 1~4위 / 팀 경기장 (12인) : 1~5위 / 풀 게이트 (18인) : 1~7위,,,,,
900721,is_finalcorner==1&change_order_onetime<0,,remain_distance<=300&order_rate<=40,,"열화요란, 무적의 춤",챔피언스 미팅 (9인) : 1~4위 / 팀 경기장 (12인) : 1~5위 / 풀 게이트 (18인) : 1~7위,,,,,
900741,,,distance_rate>=50&order_rate>=40&order_rate<=80,,아름다운 꽃소식을 알리는 바람,챔피언스 미팅 (9인) : 4~7위 / 팀 경기장 (12인) : 5~10위 / 풀 게이트 (18인) : 7~14위,,,,,
900871,,,remain_distance<=400&order<=2&overtake_target_time>=1,,Silent letter,1~2위,,,,,
900991,phase==1&blocked_side_continuetime>=2&corner!=0,,is_lastspurt==1&order_rate<=40&order_rate>=30&ground_type==2,,빛나라☆토마코마이,챔피언스 미팅 (9인) : 3~4위 / 팀 경기장 (12인) : 4~5위 / 풀 게이트 (18인) : 5~7위,,,,,
901001,,,remain_distance>=299&remain_distance<=301&order_rate>=20&order_rate<=40&distance_diff_top<=5&ground_type==2,remain_distance>=299&remain_distance<=301&order_rate>=20&order_rate<=40,Never Say Never,챔피언스 미팅 (9인) : 2~4위 / 팀 경기장 (12인) : 2~5위 / 풀 게이트 (18인) : 4~7위,,챔피언스 미팅 (9인) : 2~4위 / 팀 경기장 (12인) : 2~5위 / 풀 게이트 (18인) : 4~7위,,,
910011,,,phase==1&order>=2&order_rate<=70&activate_count_middle>=2,,겁나게 귀엽네♪머린 다이브,챔피언스 미팅 (9인) : 2~6위 / 팀 경기장 (12인) : 2~8위 / 풀 게이트 (18인) : 2~13위,,,,,
910031,is_finalcorner==1&is_overtake==1&order<=5&order_rate<=50&overtake_target_no_order_up_time>=2,,is_finalcorner==1&corner==0,,"절대는, 나야",,,,,2~5위,
910041,,,distance_rate>=50&activate_count_heal>=1&order<=3,,뭉클하게♪Chu,1~3위,,,,,
910051,,,is_finalcorner==1&change_order_onetime<0&order_rate<=40,,Ravissant,챔피언스 미팅 (9인) : 1~4위 / 팀 경기장 (12인) : 1~5위 / 풀 게이트 (18인) : 1~7위,,,,,
910081,phase>=1&slope==2&order_rate>=50&order_rate<=80&track_id==10006,phase>=1&slope==2&order_rate>=50&order_rate<=80,slope==0@slope==1,slope==0@slope==1,Into High Gear!,,,,,챔피언스 미팅 (9인) : 5~7위 / 팀 경기장 (12인) : 6~10위 / 풀 게이트 (18인) : 9~14위,챔피언스 미팅 (9인) : 5~7위 / 팀 경기장 (12인) : 6~10위 / 풀 게이트 (18인) : 9~14위
910091,,,distance_rate>=50&corner==0&order==1&bashin_diff_behind<=1,distance_rate>=50&corner==0&order<=2,Queen's Lumination,선두,,1~2위,,,
910101,,,distance_diff_top<=5&order>=2&order_rate<=40&remain_distance<=201&remain_distance>=199,order>=2&order_rate<=40&remain_distance<=201&remain_distance>=199,Joyful Voyage!,챔피언스 미팅 (9인) : 2~4위 / 팀 경기장 (12인) : 2~5위 / 풀 게이트 (18인) : 2~7위,,챔피언스 미팅 (9인) : 2~4위 / 팀 경기장 (12인) : 2~5위 / 풀 게이트 (18인) : 2~7위,,,
910111,,,phase==1&change_order_onetime>0&order_rate>=40,,게인 힐・슈피리어,챔피언스 미팅 (9인) : 4~9위 / 팀 경기장 (12인) : 5~12위 / 풀 게이트 (18인) : 7~18위,,,,,
910131,,,is_finalcorner==1&hp_per<=45&order<=3&order_rate<=50&bashin_diff_behind<=1&overtake_target_time>=1,,최강의 이름을 걸고,1~3위,,,,,
910141,,,is_finalcorner==1&corner!=0&is_overtake==1&order>=4&order_rate<=75,,콘도르 맹격파,챔피언스 미팅 (9인) : 4~7위 / 팀 경기장 (12인) : 4~9위 / 풀 게이트 (18인) : 4~14위,,,,,
910151,,,remain_distance<=401&remain_distance>=399&order_rate<=40&activate_count_all>=7,remain_distance<=401&remain_distance>=399&order_rate<=40&activate_count_all<=6,복을 베푸는 바르카롤,챔피언스 미팅 (9인) : 1~4위 / 팀 경기장 (12인) : 1~5위 / 풀 게이트 (18인) : 1~7위,,챔피언스 미팅 (9인) : 1~4위 / 팀 경기장 (12인) : 1~5위 / 풀 게이트 (18인) : 1~7위,,,
910161,,,phase>=2&is_finalcorner_laterhalf==1&order_rate<=40,,회색 임계점,챔피언스 미팅 (9인) : 1~4위 / 팀 경기장 (12인) : 1~5위 / 풀 게이트 (18인) : 1~7위,,,,,
910171,,,is_finalcorner==1&order_rate<=40&overtake_target_time>=2,,어스름이 물러서는 떠들썩한 화살,챔피언스 미팅 (9인) : 1~4위 / 팀 경기장 (12인) : 1~5위 / 풀 게이트 (18인) : 1~7위,,,,,
910181,,,phase==1&order>=3&order_rate<=50&is_overtake==1,,"훈풍, 영원한 순간을",챔피언스 미팅 (9인) : 3~5위 / 팀 경기장 (12인) : 3~6위 / 풀 게이트 (18인) : 3~9위,,,,,
910191,,,near_count>=3&phase==1&corner!=0&order_rate>=40,,너무 존귀해서 되살아났다해!,챔피언스 미팅 (9인) : 4~9위 / 팀 경기장 (12인) : 5~12위 / 풀 게이트 (18인) : 7~18위,,,,,
910201,,,phase>=2&corner==0&order<=2&straight_front_type==2,phase>=2&corner==0&order<=2,Do Ya Breakin!,1~2위,,1~2위,,,
910221,,,remain_distance>=401&phase>=2&is_finalcorner==1&order_rate>=20&order_rate<=40,phase>=2&is_finalcorner==1&order_rate>=20&order_rate<=40,Best day ever,챔피언스 미팅 (9인) : 2~4위 / 팀 경기장 (12인) : 2~5위 / 풀 게이트 (18인) : 4~7위,,챔피언스 미팅 (9인) : 2~4위 / 팀 경기장 (12인) : 2~5위 / 풀 게이트 (18인) : 4~7위,,,
910231,,,order_rate_in40_continue==1&phase==1&distance_rate>=50&order>=2&order_rate<=40,,Presents from X,챔피언스 미팅 (9인) : 2~4위 / 팀 경기장 (12인) : 2~5위 / 풀 게이트 (18인) : 2~7위,,,,,
910241,,,is_finalcorner==1&corner!=0&order_rate<=40&change_order_onetime<0,is_finalcorner==1&corner!=0&order_rate>=50&order_rate<=80&change_order_onetime<0,플라워리☆머누버,챔피언스 미팅 (9인) : 1~4위 / 팀 경기장 (12인) : 1~5위 / 풀 게이트 (18인) : 1~7위,,챔피언스 미팅 (9인) : 5~7위 / 팀 경기장 (12인) : 6~10위 / 풀 게이트 (18인) : 9~14위,,,
910261,,,order<=4&phase==1&corner!=0&bashin_diff_behind<=3,,오퍼레이션・Cacao,1~4위,,,,,
910271,,,distance_rate>=60&slope==2&phase==1&order>=2&distance_diff_top<=10&distance_type==3,distance_rate>=60&slope==2&phase==1&order>=2&distance_diff_top<=10&distance_type!=3,당신에게 바치는 프리 푸어링,2위~최하위,,2위~최하위,,,
910301,,,phase==1&order>=2&order_rate<=50&overtake_target_time>=1,,Drain for rose,챔피언스 미팅 (9인) : 2~5위 / 팀 경기장 (12인) : 2~6위 / 풀 게이트 (18인) : 2~9위,,,,,
910311,,,phase_firsthalf_random==1&order_rate<=30,,프레시☆팔러,챔피언스 미팅 (9인) : 1~4위 / 팀 경기장 (12인) : 1~5위 / 풀 게이트 (18인) : 1~7위,,,,,
910341,phase>=2&corner!=0&order_rate>=60&is_overtake==1,,is_last_straight_onetime==1,,등불,,,,,챔피언스 미팅 (9인) : 5~9위 / 팀 경기장 (12인) : 7~12위 / 풀 게이트 (18인) : 11~18위,
910351,,,is_lastspurt==1&is_finalcorner==1&corner==0&order_rate>=40,,"꿈 너머로, 전해져라!",챔피언스 미팅 (9인) : 4~9위 / 팀 경기장 (12인) : 5~12위 / 풀 게이트 (18인) : 7~18위,,,,,
910381,,,remain_distance<=350&order_rate<=40&order_rate>=20&bashin_diff_behind<=1,,One True Color,챔피언스 미팅 (9인) : 2~4위 / 팀 경기장 (12인) : 2~5위 / 풀 게이트 (18인) : 4~7위,,,,,
910401,,,is_finalcorner==1&corner!=0&order_rate>=30&order_rate<=70&blocked_side_continuetime>=2,,GET DOWN,챔피언스 미팅 (9인) : 3~6위 / 팀 경기장 (12인) : 4~8위 / 풀 게이트 (18인) : 5~13위,,,,,
910451,,,is_finalcorner==1&corner==0&order<=4&bashin_diff_infront<=1,,빙글빙글 머미 트릭♡,1~4위,,,,,
910501,,,phase>=2&is_finalcorner_laterhalf==1&order_rate<=75&order_rate>=40,,Hephaistos,챔피언스 미팅 (9인) : 4~7위 / 팀 경기장 (12인) : 5~9위 / 풀 게이트 (18인) : 7~14위,,,,,
910561,,,distance_rate>=50&order_rate>=40&overtake_target_time>=2,,벼가 곧 무르익노라,챔피언스 미팅 (9인) : 4~9위 / 팀 경기장 (12인) : 5~12위 / 풀 게이트 (18인) : 7~18위,,,,,
910581,,,is_last_straight_onetime==1&order_rate<=40,,Spooky-Scary-Happy,챔피언스 미팅 (9인) : 1~4위 / 팀 경기장 (12인) : 1~5위 / 풀 게이트 (18인) : 1~7위,,,,,
910591,,,distance_rate>=60&slope==2&phase==1&order_rate>=40&order_rate<=80&remain_distance>=500,,두근거림이 부르는 곳으로,챔피언스 미팅 (9인) : 4~7위 / 팀 경기장 (12인) : 5~10위 / 풀 게이트 (18인) : 7~14위,,,,,
910601,is_finalcorner==1&change_order_onetime<0,is_finalcorner==1&change_order_onetime<0,is_finalcorner==1&corner==0&order_rate>=40&order_rate<=70&popularity>=4,is_finalcorner==1&corner==0&order_rate>=40&order_rate<=70&popularity<4,Go☆Go☆for it!,챔피언스 미팅 (9인) : 4~6위 / 팀 경기장 (12인) : 5~8위 / 풀 게이트 (18인) : 7~13위,,챔피언스 미팅 (9인) : 4~6위 / 팀 경기장 (12인) : 5~8위 / 풀 게이트 (18인) : 7~13위,,,
910671,,,distance_rate>=40&distance_rate<=50&order_rate>=40&order_rate<=80,,"검은 구름을 흩뜨리는, 황금의 첫 화살",챔피언스 미팅 (9인) : 4~7위 / 팀 경기장 (12인) : 5~10위 / 풀 게이트 (18인) : 7~14위,,,,,
910681,,,phase>=2&corner!=0&remain_distance>=600&order<=3,,훌륭한 진수성찬!,1~3위,,,,,
920131,,,distance_rate>=50&order_rate<=40,,"빛나는 바다, 눈부신 그대",챔피언스 미팅 (9인) : 1~4위 / 팀 경기장 (12인) : 1~5위 / 풀 게이트 (18인) : 1~7위,,,,,
